order_id,item_name,quantity,order_datetime
ORD0001,Tuna Sashimi,1,2024-03-01 12:05
ORD0002,Ramune Soda,2,2024-03-23 18:37
ORD0003,Tempura Udon,1,2024-03-02 13:11
ORD0003,Salmon Sashimi,2,2024-03-02 13:11
ORD0004,Miso Soup,2,2024-03-19 16:44
ORD0005,Tempura Udon,2,2024-03-03 15:09
ORD0005,Spider Roll,1,2024-03-03 15:09
ORD0006,Green Tea,2,2024-03-19 14:20
ORD0006,  AGEDASHI TOFU  ,2,2024-03-19 14:20
ORD0007,Spicy Tuna Roll,2,2024-03-11 11:16
ORD0007,Sapporo Beer,3,2024-03-11 11:16
ORD0007,Tuna Nigiri,3,2024-03-11 11:16
ORD0008,Miso Soup,2,2024-03-28 09:59
ORD0009,Miso Soup,3,2024-03-22 18:07
ORD0010,Spider Roll,2,2024-03-14 15:12
ORD0011,Green Tea,2,2024-03-19 08:58
ORD0011,Spider Roll,2,2024-03-19 08:58
ORD0012,Miso Soup,2,2024-03-16 21:16
ORD0013,Dragon Roll,3,2024-03-01 14:17
ORD0014,Tuna Sashimi,3,2024-03-02 10:09
ORD0015,Matcha Cake,1,2024-03-11 19:47
ORD0016,Miso Soup,1,2024-03-15 18:18
ORD0016,Dragon Roll,1,2024-03-15 18:18
ORD0016,Spider Roll,3,2024-03-15 18:18
ORD0017,Miso Soup,2,2024-03-30 16:21
ORD0018,Miso Soup,2,2024-03-27 20:53
ORD0019,Tempura Udon,2,2024-03-01 14:35
ORD0019,Dragon Roll,3,2024-03-01 14:35
ORD0020,Green Tea,1,2024-03-23 10:53
ORD0020,Dragon Roll,3,2024-03-23 10:53
ORD0021,  TEMPURA UDON  ,-10,2024-03-25 17:51
ORD0021,,2,2024-03-25 17:51
ORD0021,Dragon Roll,-10,2024-03-25 17:51
ORD0022,Miso Soup,1,2024-03-24 19:51
ORD0023,Salmon Nigiri,2,2024-03-10 08:43
ORD0023,Dragon Roll,3,2024-03-10 08:43
ORD0023,Spider Roll,3,2024-03-10 08:43
ORD0024,Edamame,1,2024-03-15 20:45
ORD0024,Dragon Roll,2,2024-03-15 20:45
ORD0024,Tuna Nigiri,2,2024-03-15 20:45
ORD0025,Edamame,1,2024-03-16 08:07
ORD0025,Spider Roll,1,2024-03-16 08:07
ORD0025,California Roll,3,2024-03-16 08:07
ORD0026,Salmon Nigiri,1,2024-03-18 15:50
ORD0026,Dragon Roll,2,2024-03-18 15:50
ORD0026,Tuna Nigiri,1,2024-03-18 15:50
ORD0027,Green Tea,3,2024-03-10 17:28
ORD0027,Matcha Cake,1,2024-03-10 17:28
ORD0028,Deleted Item #404,2,2024-03-29 21:37
ORD0028,Green Tea,-10,2024-03-29 21:37
ORD0029,Miso Soup,1,2024-03-01 19:22
ORD0030,Sake Bottle,3,2024-03-23 08:27
ORD0030,Dragon Roll,1,2024-03-23 08:27
ORD0030,California Roll,3,2024-03-23 08:27
ORD0031,Tempura Udon,3,2024-03-07 21:24
ORD0032,Tempura Udon,2,2024-03-06 12:38
ORD0032,Dragon Roll,1,2024-03-06 12:38
ORD0033,Dragon Roll,2,2024-03-06 09:45
ORD0033,  SPIDER ROLL  ,2,2024-03-06 09:45
ORD0034,Green Tea,3,2024-03-05 23:15
ORD0034,  DRAGON ROLL  ,1,2024-03-05 23:15
ORD0035,  GREEN TEA  ,-10,2024-03-22 16:49
ORD0035,,3,2024-03-22 16:49
ORD0035,Deleted Item #404,2,2024-03-22 16:49
ORD0036,Spider Roll,1,2024-03-12 14:05
ORD0036,Sapporo Beer,1,2024-03-12 14:05
ORD0037,Tuna Sashimi,3,2024-03-24 14:31
ORD0038,California Roll,1,2024-03-12 13:44
ORD0039,Tuna Sashimi,3,2024-03-22 14:23
ORD0040,Miso Soup,3,2024-03-13 14:29
ORD0041,  DRAGON ROLL  ,2,2024-03-23 09:23
ORD0041,Spider Roll,3,2024-03-23 09:23
ORD0042,Dragon Roll,3,2024-03-13 09:29
ORD0043,,3,2024-03-02 18:59
ORD0044,Tempura Udon,3,2024-03-24 20:35
ORD0044,  SPIDER ROLL  ,1,2024-03-24 20:35
ORD0045,Agedashi Tofu,3,2024-03-03 22:40
ORD0046,  TUNA SASHIMI  ,1,2024-03-27 19:35
ORD0047,Tempura Udon,2,2024-03-10 08:54
ORD0047,Salmon Sashimi,2,2024-03-10 08:54
ORD0048,  DRAGON ROLL  ,1,2024-03-11 13:49
ORD0048,Edamame,3,2024-03-11 13:49
ORD0049,Green Tea,3,2024-03-26 11:33
ORD0050,Tempura Udon,2,2024-03-10 14:44
ORD0050,Matcha Cake,3,2024-03-10 14:44
ORD0051,Green Tea,2,2024-03-23 12:32
ORD0051,  MISO SOUP  ,1,2024-03-23 12:32
ORD0051,Spider Roll,2,2024-03-23 12:32
ORD0052,Spider Roll,2,2024-03-08 08:37
ORD0053,Green Tea,3,2024-03-26 12:28
ORD0053,Miso Soup,2,2024-03-26 12:28
ORD0054,Edamame,1,2024-03-03 09:13
ORD0054,  SPIDER ROLL  ,3,2024-03-03 09:13
ORD0054,  TUNA NIGIRI  ,3,2024-03-03 09:13
ORD0055,Deleted Item #404,3,2024-03-22 22:44
ORD0056,Tempura Udon,2,2024-03-27 19:07
ORD0056,Sapporo Beer,3,2024-03-27 19:07
ORD0057,  SPIDER ROLL  ,3,2024-03-27 12:03
ORD0058,Sapporo Beer,1,2024-03-22 22:39
ORD0059,Tempura Udon,3,2024-03-13 16:26
ORD0059,Green Tea,3,2024-03-13 16:26
ORD0060,Spider Roll,3,2024-03-26 14:17
ORD0061,,1,2024-03-25 21:46
ORD0061,Deleted Item #404,1,2024-03-25 21:46
ORD0062,Tempura Udon,2,2024-03-10 15:50
ORD0063,Miso Soup,3,2024-03-06 18:31
ORD0063,Dragon Roll,3,2024-03-06 18:31
ORD0064,Green Tea,3,2024-03-18 10:50
ORD0064,Dragon Roll,1,2024-03-18 10:50
ORD0065,Green Tea,2,2024-03-20 23:32
ORD0065,Spider Roll,3,2024-03-20 23:32
ORD0065,  TUNA NIGIRI  ,2,2024-03-20 23:32
ORD0066,Spider Roll,1,2024-03-01 22:22
ORD0066,California Roll,1,2024-03-01 22:22
ORD0067,Green Tea,1,2024-03-16 08:33
ORD0067,Miso Soup,3,2024-03-16 08:33
ORD0068,Deleted Item #404,1,2024-03-05 14:19
ORD0068,Dragon Roll,1,invalid_date_99
ORD0069,  AGEDASHI TOFU  ,3,2024-03-09 10:57
ORD0070,Dragon Roll,3,2024-03-17 10:42
ORD0071,Tuna Sashimi,1,2024-03-05 08:06
ORD0071,Dragon Roll,3,2024-03-05 08:06
ORD0071,Spider Roll,2,2024-03-05 08:06
ORD0072,Agedashi Tofu,2,2024-03-17 18:08
ORD0073,  RAMUNE SODA  ,1,2024-03-09 11:53
ORD0073,Green Tea,2,2024-03-09 11:53
ORD0074,Deleted Item #404,2,2024-03-07 23:28
ORD0075,Salmon Nigiri,1,2024-03-09 23:56
ORD0075,Tuna Nigiri,3,2024-03-09 23:56
ORD0076,Tempura Udon,3,invalid_date_99
ORD0076,Miso Soup,2,invalid_date_99
ORD0077,Tempura Udon,2,2024-03-19 14:13
ORD0078,Spider Roll,2,2024-03-11 10:24
ORD0079,Green Tea,1,2024-03-23 23:00
ORD0079,Sake Bottle,1,2024-03-23 23:00
ORD0079,Spider Roll,1,2024-03-23 23:00
ORD0080,Miso Soup,1,2024-03-07 17:34
ORD0081,Salmon Nigiri,1,2024-03-15 09:46
ORD0081,Spicy Tuna Roll,3,2024-03-15 09:46
ORD0081,Dragon Roll,3,2024-03-15 09:46
ORD0082,Agedashi Tofu,1,2024-03-09 14:10
ORD0082,Green Tea,3,2024-03-09 14:10
ORD0083,Tempura Udon,2,2024-03-02 20:44
ORD0083,Dragon Roll,3,2024-03-02 20:44
ORD0084,Matcha Cake,3,2024-03-24 15:10
ORD0085,California Roll,2,2024-03-25 19:49
ORD0086,Tempura Udon,3,2024-03-21 09:31
ORD0087,Tempura Udon,2,2024-03-01 14:46
ORD0087,Spider Roll,1,2024-03-01 14:46
ORD0088,Tempura Udon,3,2024-03-27 13:20
ORD0088,Agedashi Tofu,2,2024-03-27 13:20
ORD0088,Matcha Cake,3,2024-03-27 13:20
ORD0089,Tempura Udon,3,2024-03-20 11:46
ORD0089,Spider Roll,3,2024-03-20 11:46
ORD0089,Sapporo Beer,1,2024-03-20 11:46
ORD0090,Salmon Nigiri,1,2024-03-12 22:01
ORD0090,Tuna Nigiri,1,2024-03-12 22:01
ORD0091,Dragon Roll,2,2024-03-02 08:56
ORD0091,Yellowtail Roll,2,2024-03-02 08:56
ORD0092,Ramune Soda,1,2024-03-12 16:42
ORD0093,Miso Soup,3,2024-03-07 13:39
ORD0093,Dragon Roll,1,2024-03-07 13:39
ORD0094,Matcha Cake,2,2024-03-07 13:52
ORD0095,Green Tea,1,2024-03-16 19:27
ORD0096,Miso Soup,3,2024-03-10 22:56
ORD0097,Dragon Roll,3,2024-03-29 20:32
ORD0097,California Roll,3,2024-03-29 20:32
ORD0098,Green Tea,3,2024-03-03 11:21
ORD0099,Green Tea,3,2024-03-04 15:35
ORD0099,Dragon Roll,2,2024-03-04 15:35
ORD0099,Spider Roll,3,2024-03-04 15:35
ORD0100,Deleted Item #404,1,2024-03-21 21:12
ORD0101,Miso Soup,3,2024-03-09 12:42
ORD0101,  DRAGON ROLL  ,3,2024-03-09 12:42
ORD0101,Edamame,2,2024-03-09 12:42
ORD0102,Dragon Roll,3,2024-03-28 18:10
ORD0102,Spider Roll,1,2024-03-28 18:10
ORD0103,,3,2024-03-01 19:16
ORD0103,,3,2024-03-01 19:16
ORD0103,Spider Roll,-10,2024-03-01 19:16
ORD0104,Tempura Udon,2,2024-03-01 11:24
ORD0104,Green Tea,3,2024-03-01 11:24
ORD0104,Sapporo Beer,3,2024-03-01 11:24
ORD0105,Spider Roll,3,2024-03-25 19:25
ORD0106,Tempura Udon,2,2024-03-09 18:01
ORD0107,Agedashi Tofu,1,2024-03-13 15:04
ORD0107,Matcha Cake,1,2024-03-13 15:04
ORD0108,Agedashi Tofu,1,2024-03-23 09:08
ORD0109,Agedashi Tofu,1,2024-03-18 12:26
ORD0109,Sapporo Beer,2,2024-03-18 12:26
ORD0109,Green Tea,1,2024-03-18 12:26
ORD0110,Deleted Item #404,2,2024-03-21 23:18
ORD0110,,3,2024-03-21 23:18
ORD0111,Sapporo Beer,2,2024-03-15 15:34
ORD0112,Green Tea,1,2024-03-14 13:55
ORD0112,Spider Roll,2,2024-03-14 13:55
ORD0113,Gyoza,1,2024-03-11 20:01
ORD0113,Sapporo Beer,1,2024-03-11 20:01
ORD0114,Green Tea,3,2024-03-07 23:20
ORD0114,Dragon Roll,2,2024-03-07 23:20
ORD0115,Dragon Roll,1,2024-03-13 13:43
ORD0116,Tempura Udon,2,2024-03-16 21:43
ORD0117,Miso Soup,3,2024-03-10 16:16
ORD0117,Sapporo Beer,3,2024-03-10 16:16
ORD0117,Green Tea,2,2024-03-10 16:16
ORD0118,Green Tea,-10,2024-03-01 20:07
ORD0119,Green Tea,1,2024-03-25 22:37
ORD0120,  TEMPURA UDON  ,1,2024-03-03 08:07
ORD0120,Miso Soup,2,2024-03-03 08:07
ORD0121,Miso Soup,2,2024-03-11 18:34
ORD0122,Green Tea,2,2024-03-25 11:57
ORD0122,Edamame,1,2024-03-25 11:57
ORD0123,Ramune Soda,3,2024-03-23 09:43
ORD0123,Green Tea,3,2024-03-23 09:43
ORD0124,Ramune Soda,1,2024-03-10 21:19
ORD0124,Sake Bottle,3,2024-03-10 21:19
ORD0125,Edamame,3,2024-03-29 17:04
ORD0126,Tempura Udon,1,2024-03-08 22:01
ORD0126,Green Tea,2,2024-03-08 22:01
ORD0126,Spider Roll,3,2024-03-08 22:01
ORD0127,Matcha Cake,1,2024-03-28 16:50
ORD0127,Spider Roll,2,2024-03-28 16:50
ORD0128,Green Tea,1,2024-03-12 10:23
ORD0128,Spider Roll,1,2024-03-12 10:23
ORD0129,Green Tea,1,2024-03-03 22:58
ORD0129,Dragon Roll,1,2024-03-03 22:58
ORD0129,California Roll,1,2024-03-03 22:58
ORD0130,Ramune Soda,3,2024-03-22 14:03
ORD0131,Edamame,-10,2024-03-27 19:06
ORD0132,Tuna Nigiri,3,2024-03-13 08:56
ORD0133,Miso Soup,2,2024-03-22 20:42
ORD0133,Sapporo Beer,2,2024-03-22 20:42
ORD0134,Tuna Sashimi,3,2024-03-15 16:24
ORD0135,Tempura Udon,2,2024-03-17 08:59
ORD0135,Salmon Sashimi,3,2024-03-17 08:59
ORD0135,Tuna Nigiri,1,2024-03-17 08:59
ORD0136,  TUNA SASHIMI  ,1,2024-03-04 13:28
ORD0136,Dragon Roll,3,2024-03-04 13:28
ORD0136,Spider Roll,2,2024-03-04 13:28
ORD0137,Tempura Udon,3,2024-03-12 08:29
ORD0138,Dragon Roll,2,2024-03-21 22:23
ORD0139,California Roll,2,2024-03-27 14:46
ORD0140,Green Tea,3,2024-03-13 09:16
ORD0140,Spider Roll,3,2024-03-13 09:16
ORD0140,  SAPPORO BEER  ,1,2024-03-13 09:16
ORD0141,Matcha Cake,2,2024-03-27 11:18
ORD0141,Spider Roll,1,2024-03-27 11:18
ORD0142,Spider Roll,1,2024-03-22 14:32
ORD0143,Miso Soup,1,2024-03-23 14:23
ORD0143,Dragon Roll,2,2024-03-23 14:23
ORD0144,Green Tea,3,2024-03-06 12:55
ORD0145,Tempura Udon,2,2024-03-15 20:37
ORD0145,Green Tea,3,2024-03-15 20:37
ORD0145,  SPIDER ROLL  ,1,2024-03-15 20:37
ORD0146,Tempura Udon,3,2024-03-13 23:45
ORD0146,Dragon Roll,2,2024-03-13 23:45
ORD0147,Tempura Udon,1,2024-03-01 16:16
ORD0147,Dragon Roll,1,2024-03-01 16:16
ORD0147,Tuna Nigiri,2,2024-03-01 16:16
ORD0148,Salmon Nigiri,3,2024-03-20 21:47
ORD0148,Spider Roll,3,2024-03-20 21:47
ORD0149,Dragon Roll,2,2024-03-02 18:09
ORD0150,Tempura Udon,2,2024-03-16 16:14
ORD0150,  MISO SOUP  ,3,2024-03-16 16:14
ORD0150,Spider Roll,1,2024-03-16 16:14
ORD0151,Green Tea,1,2024-03-27 08:32
ORD0151,  SAPPORO BEER  ,1,2024-03-27 08:32
ORD0152,,1,2024-03-29 15:09
ORD0153,Deleted Item #404,3,2024-03-14 11:14
ORD0153,,2,2024-03-14 11:14
ORD0154,Tempura Udon,2,2024-03-27 10:24
ORD0154,Green Tea,3,2024-03-27 10:24
ORD0154,Spider Roll,2,2024-03-27 10:24
ORD0155,Gyoza,2,2024-03-04 20:22
ORD0155,Matcha Cake,3,2024-03-04 20:22
ORD0155,Sapporo Beer,3,2024-03-04 20:22
ORD0156,  SAPPORO BEER  ,3,2024-03-22 20:19
ORD0157,Green Tea,3,2024-03-21 10:38
ORD0157,  DRAGON ROLL  ,3,2024-03-21 10:38
ORD0158,Mochi Ice Cream,3,2024-03-08 11:53
ORD0159,Salmon Nigiri,1,2024-03-18 22:24
ORD0160,Dragon Roll,3,2024-03-01 09:12
ORD0161,  TEMPURA UDON  ,2,2024-03-27 22:50
ORD0161,Tuna Sashimi,3,2024-03-27 22:50
ORD0161,California Roll,2,2024-03-27 22:50
ORD0162,Tempura Udon,-10,2024-03-16 18:09
ORD0162,Deleted Item #404,1,2024-03-16 18:09
ORD0163,Sapporo Beer,1,2024-03-04 20:28
ORD0164,  RAMUNE SODA  ,2,2024-03-03 20:33
ORD0165,Tuna Sashimi,1,2024-03-28 20:48
ORD0165,Green Tea,2,2024-03-28 20:48
ORD0165,Dragon Roll,1,2024-03-28 20:48
ORD0166,Miso Soup,2,2024-03-27 23:46
ORD0167,Dragon Roll,1,2024-03-09 08:01
ORD0168,Tempura Udon,1,2024-03-01 15:19
ORD0168,Spider Roll,3,2024-03-01 15:19
ORD0169,Agedashi Tofu,2,2024-03-07 13:16
ORD0169,Dragon Roll,3,2024-03-07 13:16
ORD0170,Spider Roll,3,2024-03-15 19:23
ORD0171,Tempura Udon,1,2024-03-16 14:28
ORD0172,Tempura Udon,2,2024-03-16 14:24
ORD0172,Spider Roll,3,2024-03-16 14:24
ORD0173,Tempura Udon,2,2024-03-05 20:58
ORD0173,Green Tea,2,2024-03-05 20:58
ORD0173,Matcha Cake,3,2024-03-05 20:58
ORD0174,Agedashi Tofu,1,2024-03-18 22:12
ORD0175,Dragon Roll,1,2024-03-17 21:35
ORD0175,Tuna Nigiri,1,2024-03-17 21:35
ORD0176,Salmon Nigiri,3,2024-03-11 13:26
ORD0176,  DRAGON ROLL  ,1,2024-03-11 13:26
ORD0176,  YELLOWTAIL ROLL  ,2,2024-03-11 13:26
ORD0177,Tempura Udon,1,2024-03-24 19:10
ORD0178,Tempura Udon,1,2024-03-14 12:30
ORD0179,Tuna Sashimi,1,2024-03-22 21:36
ORD0179,Dragon Roll,2,2024-03-22 21:36
ORD0180,Tempura Udon,2,2024-03-26 11:56
ORD0181,Agedashi Tofu,1,2024-03-24 18:52
ORD0181,Dragon Roll,2,2024-03-24 18:52
ORD0181,Sapporo Beer,3,2024-03-24 18:52
ORD0182,Dragon Roll,3,2024-03-04 21:29
ORD0183,Miso Soup,1,2024-03-06 10:17
ORD0183,Spider Roll,3,2024-03-06 10:17
ORD0184,Green Tea,1,2024-03-18 16:13
ORD0184,Dragon Roll,1,2024-03-18 16:13
ORD0185,Green Tea,2,2024-03-14 20:29
ORD0186,Dragon Roll,2,2024-03-26 12:52
ORD0187,Matcha Cake,3,2024-03-08 20:47
ORD0188,Green Tea,1,2024-03-30 15:16
ORD0189,Ramune Soda,3,2024-03-27 11:57
ORD0189,Agedashi Tofu,1,2024-03-27 11:57
ORD0189,Tempura Udon,3,2024-03-27 11:57
ORD0190,Tempura Udon,3,2024-03-08 16:56
ORD0190,Green Tea,2,2024-03-08 16:56
ORD0190,Spider Roll,2,2024-03-08 16:56
ORD0191,Tempura Udon,1,2024-03-21 19:36
ORD0191,Agedashi Tofu,2,2024-03-21 19:36
ORD0191,Sapporo Beer,1,2024-03-21 19:36
ORD0192,Miso Soup,3,2024-03-09 21:24
ORD0193,Dragon Roll,2,2024-03-07 20:36
ORD0194,Green Tea,2,2024-03-21 11:21
ORD0195,,2,2024-03-29 11:20
ORD0196,Matcha Cake,2,2024-03-16 15:20
ORD0197,Tempura Udon,2,2024-03-04 12:40
ORD0197,Agedashi Tofu,2,2024-03-04 12:40
ORD0197,Edamame,2,2024-03-04 12:40
ORD0198,Dragon Roll,2,2024-03-27 21:34
ORD0199,  TEMPURA UDON  ,3,2024-03-24 17:55
ORD0199,Salmon Nigiri,1,2024-03-24 17:55
ORD0200,Salmon Sashimi,1,2024-03-11 13:36
ORD0201,Sake Bottle,3,2024-03-01 17:44
ORD0201,Sapporo Beer,3,2024-03-01 17:44
ORD0202,Tempura Udon,1,2024-03-20 11:25
ORD0202,Miso Soup,2,2024-03-20 11:25
ORD0202,California Roll,2,2024-03-20 11:25
ORD0203,Tempura Udon,3,2024-03-20 19:48
ORD0203,Miso Soup,2,2024-03-20 19:48
ORD0203,Dragon Roll,2,2024-03-20 19:48
ORD0204,Miso Soup,1,2024-03-22 20:44
ORD0205,Tempura Udon,3,2024-03-23 23:45
ORD0205,Green Tea,1,2024-03-23 23:45
ORD0206,Miso Soup,3,2024-03-11 23:38
ORD0207,Tempura Udon,2,2024-03-20 17:56
ORD0207,Sapporo Beer,2,2024-03-20 17:56
ORD0208,Tempura Udon,1,2024-03-29 10:17
ORD0208,Agedashi Tofu,3,2024-03-29 10:17
ORD0209,Sake Bottle,1,2024-03-16 22:20
ORD0209,Dragon Roll,3,2024-03-16 22:20
ORD0210,Spider Roll,1,2024-03-06 23:53
ORD0211,Tempura Udon,2,2024-03-14 15:35
ORD0211,California Roll,1,2024-03-14 15:35
ORD0212,Spider Roll,2,2024-03-26 21:57
ORD0213,Agedashi Tofu,1,2024-03-27 08:28
ORD0214,Tempura Udon,3,2024-03-16 17:55
ORD0214,Dragon Roll,1,2024-03-16 17:55
ORD0215,Green Tea,2,2024-03-05 11:45
ORD0215,Miso Soup,3,2024-03-05 11:45
ORD0216,Tempura Udon,2,2024-03-24 10:13
ORD0216,Sake Bottle,2,2024-03-24 10:13
ORD0217,Tempura Udon,3,2024-03-10 17:51
ORD0217,Green Tea,2,2024-03-10 17:51
ORD0217,Dragon Roll,3,2024-03-10 17:51
ORD0218,Tempura Udon,-10,2024-03-13 16:52
ORD0218,Miso Soup,-10,2024-03-13 16:52
ORD0219,Spider Roll,2,2024-03-20 22:53
ORD0220,Sapporo Beer,2,2024-03-15 14:13
ORD0221,Tempura Udon,2,2024-03-03 20:03
ORD0222,Green Tea,3,2024-03-25 17:51
ORD0222,Mochi Ice Cream,3,2024-03-25 17:51
ORD0223,Tempura Udon,3,2024-03-28 18:14
ORD0223,Green Tea,1,2024-03-28 18:14
ORD0223,Salmon Nigiri,3,2024-03-28 18:14
ORD0224,Dragon Roll,3,2024-03-01 14:29
ORD0225,Deleted Item #404,3,2024-03-21 14:52
ORD0225,Deleted Item #404,3,2024-03-21 14:52
ORD0226,Ramune Soda,3,2024-03-02 09:11
ORD0226,Matcha Cake,3,2024-03-02 09:11
ORD0226,  SPIDER ROLL  ,1,2024-03-02 09:11
ORD0227,Matcha Cake,1,2024-03-09 23:21
ORD0227,Dragon Roll,2,2024-03-09 23:21
ORD0228,Agedashi Tofu,2,2024-03-26 17:46
ORD0228,Matcha Cake,2,2024-03-26 17:46
ORD0229,  TEMPURA UDON  ,2,2024-03-14 10:57
ORD0230,Agedashi Tofu,3,2024-03-12 23:20
ORD0231,Tempura Udon,1,2024-03-10 21:34
ORD0231,Green Tea,2,2024-03-10 21:34
ORD0232,Tempura Udon,3,2024-03-25 09:10
ORD0232,Miso Soup,2,2024-03-25 09:10
ORD0233,Deleted Item #404,1,2024-03-24 15:11
ORD0233,Green Tea,-10,2024-03-24 15:11
ORD0234,Tempura Udon,2,2024-03-29 20:46
ORD0235,Dragon Roll,2,2024-03-26 09:24
ORD0235,Edamame,3,2024-03-26 09:24
ORD0235,Sapporo Beer,2,2024-03-26 09:24
ORD0236,Spider Roll,2,2024-03-28 08:30
ORD0236,Ebi Tempura,3,2024-03-28 08:30
ORD0237,,3,2024-03-16 19:35
ORD0238,Tempura Udon,2,2024-03-25 21:11
ORD0238,  MATCHA CAKE  ,2,2024-03-25 21:11
ORD0238,Spider Roll,1,2024-03-25 21:11
ORD0239,Agedashi Tofu,3,2024-03-24 22:30
ORD0239,Salmon Nigiri,2,2024-03-24 22:30
ORD0239,Sapporo Beer,2,2024-03-24 22:30
ORD0240,Green Tea,2,2024-03-22 10:16
ORD0240,Dragon Roll,2,2024-03-22 10:16
ORD0241,Sake Bottle,2,2024-03-09 19:36
ORD0241,Spider Roll,1,2024-03-09 19:36
ORD0242,Agedashi Tofu,3,2024-03-20 19:33
ORD0242,  DRAGON ROLL  ,3,2024-03-20 19:33
ORD0242,Spider Roll,2,2024-03-20 19:33
ORD0243,Miso Soup,3,2024-03-24 15:13
ORD0243,Sapporo Beer,2,2024-03-24 15:13
ORD0244,Miso Soup,3,2024-03-04 08:42
ORD0245,Miso Soup,3,2024-03-23 16:23
ORD0245,Sapporo Beer,3,2024-03-23 16:23
ORD0246,Tempura Udon,1,2024-03-05 20:24
ORD0246,Dragon Roll,1,2024-03-05 20:24
ORD0247,Agedashi Tofu,3,2024-03-21 21:58
ORD0248,,2,2024-03-16 22:47
ORD0249,Tuna Sashimi,1,2024-03-25 23:44
ORD0249,Miso Soup,1,2024-03-25 23:44
ORD0250,Salmon Nigiri,2,2024-03-01 09:20
ORD0251,Spider Roll,2,2024-03-15 22:40
ORD0252,Tuna Nigiri,3,2024-03-22 22:44
ORD0253,Green Tea,3,2024-03-05 18:08
ORD0253,  SPIDER ROLL  ,3,2024-03-05 18:08
ORD0254,Dragon Roll,1,2024-03-07 18:22
ORD0255,  SALMON NIGIRI  ,1,2024-03-25 20:53
ORD0256,Agedashi Tofu,1,2024-03-21 15:51
ORD0257,Spider Roll,3,2024-03-29 20:07
ORD0257,  CALIFORNIA ROLL  ,3,2024-03-29 20:07
ORD0258,Dragon Roll,3,2024-03-18 20:24
ORD0259,Ebi Tempura,1,2024-03-22 20:39
ORD0259,Sapporo Beer,2,2024-03-22 20:39
ORD0260,Tempura Udon,3,2024-03-20 20:18
ORD0260,Green Tea,3,2024-03-20 20:18
ORD0261,Ramune Soda,3,2024-03-23 13:52
ORD0261,Green Tea,1,2024-03-23 13:52
ORD0261,Dragon Roll,2,2024-03-23 13:52
ORD0262,Spider Roll,3,2024-03-16 17:55
ORD0263,Tuna Nigiri,1,2024-03-12 13:39
ORD0263,Sapporo Beer,2,2024-03-12 13:39
ORD0264,Green Tea,3,2024-03-15 21:09
ORD0265,Spider Roll,1,2024-03-04 22:10
ORD0265,Tuna Nigiri,3,2024-03-04 22:10
ORD0266,Matcha Cake,3,2024-03-11 12:30
ORD0266,Spider Roll,1,2024-03-11 12:30
ORD0267,  TEMPURA UDON  ,3,2024-03-27 16:04
ORD0267,  DRAGON ROLL  ,1,2024-03-27 16:04
ORD0268,Dragon Roll,1,2024-03-12 08:59
ORD0268,Edamame,2,2024-03-12 08:59
ORD0268,Spider Roll,1,2024-03-12 08:59
ORD0269,Miso Soup,2,2024-03-12 11:22
ORD0270,Agedashi Tofu,2,2024-03-08 22:07
ORD0270,Green Tea,3,2024-03-08 22:07
ORD0271,  TEMPURA UDON  ,3,2024-03-19 21:22
ORD0271,Tuna Nigiri,2,2024-03-19 21:22
ORD0272,Ramune Soda,1,2024-03-14 21:47
ORD0273,Dragon Roll,3,2024-03-20 17:29
ORD0274,California Roll,1,2024-03-24 14:26
ORD0275,  MISO SOUP  ,1,2024-03-11 10:34
ORD0275,Salmon Nigiri,3,2024-03-11 10:34
ORD0275,Spider Roll,3,2024-03-11 10:34
ORD0276,Sake Bottle,2,invalid_date_99
ORD0277,Salmon Nigiri,1,2024-03-11 18:43
ORD0277,Dragon Roll,3,2024-03-11 18:43
ORD0278,Spider Roll,3,2024-03-02 14:33
ORD0279,  SPIDER ROLL  ,2,2024-03-25 09:48
ORD0280,Miso Soup,2,2024-03-26 20:09
ORD0280,Dragon Roll,3,2024-03-26 20:09
ORD0281,Tempura Udon,1,2024-03-07 13:12
ORD0281,Salmon Nigiri,2,2024-03-07 13:12
ORD0282,Tempura Udon,2,2024-03-17 21:59
ORD0283,Green Tea,1,2024-03-20 22:42
ORD0283,Miso Soup,2,2024-03-20 22:42
ORD0284,Sake Bottle,1,2024-03-21 16:45
ORD0284,Tuna Nigiri,2,2024-03-21 16:45
ORD0285,Green Tea,3,2024-03-26 23:52
ORD0285,Salmon Nigiri,3,2024-03-26 23:52
ORD0286,Tempura Udon,2,2024-03-06 09:07
ORD0286,Green Tea,1,2024-03-06 09:07
ORD0287,Salmon Nigiri,1,2024-03-04 23:20
ORD0288,Tuna Nigiri,1,2024-03-15 10:40
ORD0289,Green Tea,2,2024-03-01 14:51
ORD0289,Dragon Roll,3,2024-03-01 14:51
ORD0289,Spider Roll,2,2024-03-01 14:51
ORD0290,,3,2024-03-29 11:26
ORD0290,Sapporo Beer,3,invalid_date_99
ORD0291,Ramune Soda,2,2024-03-29 21:21
ORD0291,Dragon Roll,2,2024-03-29 21:21
ORD0292,Tempura Udon,1,2024-03-09 12:14
ORD0293,Ramune Soda,1,2024-03-23 10:08
ORD0293,Green Tea,1,2024-03-23 10:08
ORD0293,California Roll,3,2024-03-23 10:08
ORD0294,Tempura Udon,-10,2024-03-25 19:28
ORD0294,Matcha Cake,-10,2024-03-25 19:28
ORD0295,Sake Bottle,2,invalid_date_99
ORD0296,Tempura Udon,3,2024-03-25 11:53
ORD0296,  SAPPORO BEER  ,1,2024-03-25 11:53
ORD0297,Tempura Udon,1,2024-03-26 23:15
ORD0297,Miso Soup,1,2024-03-26 23:15
ORD0297,Dragon Roll,2,2024-03-26 23:15
ORD0298,Miso Soup,2,2024-03-13 09:47
ORD0298,Dragon Roll,2,2024-03-13 09:47
ORD0299,Tuna Sashimi,2,2024-03-16 23:59
ORD0299,  GREEN TEA  ,2,2024-03-16 23:59
ORD0299,Tempura Udon,1,2024-03-16 23:59
ORD0300,Spider Roll,2,2024-03-14 13:09
ORD0301,  DRAGON ROLL  ,2,2024-03-30 16:12
ORD0302,  DRAGON ROLL  ,3,2024-03-24 14:41
ORD0303,Miso Soup,2,2024-03-26 23:15
ORD0303,Green Tea,1,2024-03-26 23:15
ORD0304,Tempura Udon,2,2024-03-30 19:25
ORD0305,Tempura Udon,3,2024-03-28 18:38
ORD0306,Ramune Soda,1,2024-03-11 18:12
ORD0306,Green Tea,1,2024-03-11 18:12
ORD0307,Miso Soup,3,2024-03-06 18:57
ORD0307,  SAKE BOTTLE  ,3,2024-03-06 18:57
ORD0308,Green Tea,3,2024-03-28 15:06
ORD0308,Tuna Nigiri,1,2024-03-28 15:06
ORD0309,Sapporo Beer,3,2024-03-30 13:15
ORD0310,  SALMON NIGIRI  ,3,2024-03-06 16:03
ORD0310,Spider Roll,1,2024-03-06 16:03
ORD0311,Spider Roll,2,2024-03-25 20:16
ORD0312,Tempura Udon,3,2024-03-16 16:07
ORD0312,Spider Roll,1,2024-03-16 16:07
ORD0313,Tempura Udon,1,2024-03-26 20:36
ORD0313,Green Tea,3,2024-03-26 20:36
ORD0314,Green Tea,1,2024-03-24 22:24
ORD0314,Edamame,2,2024-03-24 22:24
ORD0315,  TEMPURA UDON  ,3,2024-03-21 11:12
ORD0315,Dragon Roll,3,2024-03-21 11:12
ORD0315,Spider Roll,3,2024-03-21 11:12
ORD0316,Miso Soup,2,2024-03-10 23:57
ORD0316,Salmon Nigiri,3,2024-03-10 23:57
ORD0317,Salmon Nigiri,1,2024-03-14 08:32
ORD0317,Matcha Cake,1,2024-03-14 08:32
ORD0318,Tempura Udon,3,2024-03-05 13:11
ORD0318,Dragon Roll,3,2024-03-05 13:11
ORD0319,Green Tea,3,invalid_date_99
ORD0320,Dragon Roll,1,2024-03-24 18:09
ORD0320,Spider Roll,3,2024-03-24 18:09
ORD0321,Tuna Sashimi,3,2024-03-21 11:36
ORD0321,Dragon Roll,3,2024-03-21 11:36
ORD0321,California Roll,3,2024-03-21 11:36
ORD0322,Tempura Udon,2,2024-03-16 08:35
ORD0322,  SALMON NIGIRI  ,2,2024-03-16 08:35
ORD0323,Dragon Roll,2,2024-03-22 19:53
ORD0324,Tempura Udon,1,2024-03-01 11:49
ORD0324,Miso Soup,1,2024-03-01 11:49
ORD0324,Edamame,1,2024-03-01 11:49
ORD0325,Spider Roll,3,2024-03-09 20:40
ORD0326,Tempura Udon,3,2024-03-16 10:12
ORD0326,Miso Soup,1,2024-03-16 10:12
ORD0327,Miso Soup,2,2024-03-24 23:58
ORD0328,Tempura Udon,3,2024-03-17 13:10
ORD0328,Green Tea,1,2024-03-17 13:10
ORD0328,  MATCHA CAKE  ,2,2024-03-17 13:10
ORD0329,Miso Soup,1,2024-03-17 19:04
ORD0329,  GREEN TEA  ,2,2024-03-17 19:04
ORD0330,Tempura Udon,2,2024-03-24 18:16
ORD0330,Ramune Soda,2,2024-03-24 18:16
ORD0330,Spider Roll,3,2024-03-24 18:16
ORD0331,Tempura Udon,2,2024-03-10 08:26
ORD0331,Sake Bottle,2,2024-03-10 08:26
ORD0331,Sapporo Beer,1,2024-03-10 08:26
ORD0332,Green Tea,1,2024-03-13 15:52
ORD0333,Salmon Nigiri,1,2024-03-22 13:21
ORD0333,Dragon Roll,2,2024-03-22 13:21
ORD0334,Ramune Soda,2,2024-03-27 23:46
ORD0335,Tempura Udon,3,2024-03-21 21:22
ORD0335,Agedashi Tofu,3,2024-03-21 21:22
ORD0336,,3,2024-03-02 23:26
ORD0336,Spider Roll,1,invalid_date_99
ORD0337,Dragon Roll,2,2024-03-06 16:08
ORD0337,Spider Roll,1,2024-03-06 16:08
ORD0337,Sapporo Beer,2,2024-03-06 16:08
ORD0338,Dragon Roll,2,2024-03-28 16:44
ORD0339,Dragon Roll,2,2024-03-25 15:37
ORD0339,Spider Roll,3,2024-03-25 15:37
ORD0340,Tempura Udon,2,2024-03-05 23:48
ORD0340,Dragon Roll,2,2024-03-05 23:48
ORD0341,Tempura Udon,-10,2024-03-04 17:41
ORD0341,,1,2024-03-04 17:41
ORD0342,Agedashi Tofu,2,2024-03-25 21:40
ORD0342,Spider Roll,2,2024-03-25 21:40
ORD0343,Dragon Roll,1,2024-03-17 16:23
ORD0344,Miso Soup,2,2024-03-23 19:18
ORD0344,  SAKE BOTTLE  ,3,2024-03-23 19:18
ORD0345,Spider Roll,2,2024-03-12 15:38
ORD0345,Salmon Sashimi,3,2024-03-12 15:38
ORD0346,Green Tea,2,2024-03-02 08:54
ORD0346,Dragon Roll,2,2024-03-02 08:54
ORD0347,Spider Roll,3,2024-03-16 14:18
ORD0348,Tuna Sashimi,3,2024-03-29 11:00
ORD0348,  GREEN TEA  ,1,2024-03-29 11:00
ORD0349,Miso Soup,2,2024-03-25 16:58
ORD0350,Miso Soup,3,2024-03-14 15:10
ORD0350,Dragon Roll,2,2024-03-14 15:10
ORD0351,Agedashi Tofu,1,2024-03-28 16:35
ORD0351,Dragon Roll,2,2024-03-28 16:35
ORD0351,Spider Roll,1,2024-03-28 16:35
ORD0352,Tempura Udon,1,2024-03-14 14:39
ORD0352,Miso Soup,1,2024-03-14 14:39
ORD0352,Tuna Sashimi,1,2024-03-14 14:39
ORD0353,Sake Bottle,1,2024-03-05 17:06
ORD0354,Tuna Sashimi,1,2024-03-01 22:02
ORD0354,  DRAGON ROLL  ,2,2024-03-01 22:02
ORD0354,Spider Roll,1,2024-03-01 22:02
ORD0355,Tempura Udon,1,2024-03-02 21:22
ORD0355,Spider Roll,2,2024-03-02 21:22
ORD0356,Tempura Udon,1,2024-03-12 23:41
ORD0357,Tempura Udon,3,2024-03-24 21:00
ORD0358,Tempura Udon,1,2024-03-09 13:28
ORD0358,Spider Roll,3,2024-03-09 13:28
ORD0359,Green Tea,1,2024-03-29 23:20
ORD0359,Matcha Cake,2,2024-03-29 23:20
ORD0360,Agedashi Tofu,1,2024-03-19 08:33
ORD0360,Dragon Roll,2,2024-03-19 08:33
ORD0360,Sapporo Beer,3,2024-03-19 08:33
ORD0361,Tempura Udon,1,2024-03-05 15:31
ORD0361,Dragon Roll,3,2024-03-05 15:31
ORD0362,Tempura Udon,1,2024-03-10 09:35
ORD0362,Salmon Nigiri,3,2024-03-10 09:35
ORD0363,Tempura Udon,3,2024-03-25 10:55
ORD0363,Spider Roll,1,2024-03-25 10:55
ORD0364,Green Tea,1,2024-03-26 15:51
ORD0365,Tuna Sashimi,3,2024-03-18 12:28
ORD0365,Ebi Tempura,1,2024-03-18 12:28
ORD0366,Miso Soup,3,2024-03-09 18:45
ORD0366,Spider Roll,2,2024-03-09 18:45
ORD0367,Dragon Roll,1,2024-03-24 15:48
ORD0367,  SPIDER ROLL  ,1,2024-03-24 15:48
ORD0368,Matcha Cake,2,2024-03-09 13:13
ORD0369,Tempura Udon,3,2024-03-19 20:03
ORD0369,Green Tea,1,2024-03-19 20:03
ORD0370,Matcha Cake,1,2024-03-29 16:01
ORD0370,Tuna Nigiri,2,2024-03-29 16:01
ORD0371,Miso Soup,1,2024-03-30 19:15
ORD0371,Dragon Roll,3,2024-03-30 19:15
ORD0371,  SPIDER ROLL  ,3,2024-03-30 19:15
ORD0372,Tempura Udon,1,2024-03-07 23:54
ORD0372,Edamame,2,2024-03-07 23:54
ORD0373,Matcha Cake,1,2024-03-17 09:38
ORD0373,Spider Roll,2,2024-03-17 09:38
ORD0374,  MISO SOUP  ,3,2024-03-22 16:56
ORD0374,Spider Roll,3,2024-03-22 16:56
ORD0375,Sapporo Beer,3,2024-03-28 19:06
ORD0376,Sake Bottle,3,2024-03-25 16:54
ORD0377,Spider Roll,3,2024-03-26 14:14
ORD0377,California Roll,1,2024-03-26 14:14
ORD0378,Salmon Nigiri,3,2024-03-15 17:10
ORD0379,Deleted Item #404,2,2024-03-20 21:15
ORD0380,Agedashi Tofu,3,2024-03-24 19:23
ORD0380,Dragon Roll,3,2024-03-24 19:23
ORD0381,Miso Soup,1,2024-03-19 13:16
ORD0381,Green Tea,3,2024-03-19 13:16
ORD0382,Tempura Udon,2,2024-03-04 16:21
ORD0382,Tuna Nigiri,3,2024-03-04 16:21
ORD0383,Dragon Roll,1,2024-03-14 08:14
ORD0384,Sake Bottle,3,2024-03-07 19:46
ORD0384,Miso Soup,2,2024-03-07 19:46
ORD0384,Green Tea,2,2024-03-07 19:46
ORD0385,Tempura Udon,2,2024-03-18 19:36
ORD0385,Dragon Roll,2,2024-03-18 19:36
ORD0385,Spider Roll,3,2024-03-18 19:36
ORD0386,Green Tea,1,2024-03-27 10:40
ORD0386,Salmon Nigiri,3,2024-03-27 10:40
ORD0387,Spider Roll,3,2024-03-03 23:36
ORD0387,  SALMON SASHIMI  ,3,2024-03-03 23:36
ORD0387,California Roll,2,2024-03-03 23:36
ORD0388,Tempura Udon,1,2024-03-24 11:15
ORD0388,Ramune Soda,3,2024-03-24 11:15
ORD0389,Tempura Udon,1,2024-03-08 13:47
ORD0389,Sake Bottle,3,2024-03-08 13:47
ORD0389,Spider Roll,1,2024-03-08 13:47
ORD0390,Green Tea,2,2024-03-08 22:47
ORD0390,Spider Roll,2,2024-03-08 22:47
ORD0390,Sapporo Beer,2,2024-03-08 22:47
ORD0391,  SALMON NIGIRI  ,2,2024-03-10 14:18
ORD0391,California Roll,3,2024-03-10 14:18
ORD0392,Tempura Udon,1,2024-03-11 23:48
ORD0392,Matcha Cake,1,2024-03-11 23:48
ORD0393,Matcha Cake,3,2024-03-14 16:22
ORD0393,Sapporo Beer,2,2024-03-14 16:22
ORD0394,Ramune Soda,1,2024-03-08 08:58
ORD0394,Miso Soup,2,2024-03-08 08:58
ORD0394,Tuna Sashimi,2,2024-03-08 08:58
ORD0395,Green Tea,1,2024-03-05 10:33
ORD0395,Salmon Nigiri,2,2024-03-05 10:33
ORD0396,Green Tea,3,2024-03-01 13:44
ORD0397,Deleted Item #404,3,2024-03-06 18:52
ORD0398,Salmon Nigiri,3,2024-03-27 14:11
ORD0398,Spider Roll,1,2024-03-27 14:11
ORD0399,Dragon Roll,3,2024-03-17 14:43
ORD0399,Spider Roll,3,2024-03-17 14:43
ORD0400,Tempura Udon,1,2024-03-21 19:09
ORD0400,  GREEN TEA  ,1,2024-03-21 19:09
ORD0400,Dragon Roll,2,2024-03-21 19:09
ORD0401,Tempura Udon,2,2024-03-28 16:17
ORD0402,Green Tea,2,2024-03-14 19:50
ORD0403,Dragon Roll,1,2024-03-22 20:24
ORD0404,Miso Soup,2,2024-03-06 11:40
ORD0404,Matcha Cake,1,2024-03-06 11:40
ORD0405,Sapporo Beer,1,2024-03-16 17:46
ORD0406,  TEMPURA UDON  ,3,2024-03-18 22:26
ORD0406,Green Tea,3,2024-03-18 22:26
ORD0406,Tuna Nigiri,3,2024-03-18 22:26
ORD0407,Miso Soup,2,2024-03-28 18:40
ORD0408,Green Tea,1,2024-03-09 16:26
ORD0409,Ramune Soda,2,2024-03-02 14:48
ORD0410,  AGEDASHI TOFU  ,2,2024-03-06 15:45
ORD0410,Dragon Roll,1,2024-03-06 15:45
ORD0410,Spider Roll,2,2024-03-06 15:45
ORD0411,Miso Soup,3,2024-03-28 09:38
ORD0411,Sake Bottle,2,2024-03-28 09:38
ORD0411,Green Tea,2,2024-03-28 09:38
ORD0412,Dragon Roll,3,2024-03-08 12:08
ORD0413,Green Tea,1,2024-03-27 09:52
ORD0413,Matcha Cake,1,2024-03-27 09:52
ORD0414,  SALMON SASHIMI  ,1,2024-03-10 12:11
ORD0414,Sapporo Beer,1,2024-03-10 12:11
ORD0415,Tuna Sashimi,3,2024-03-24 20:52
ORD0415,Dragon Roll,1,2024-03-24 20:52
ORD0415,Ramune Soda,1,2024-03-24 20:52
ORD0416,Deleted Item #404,3,2024-03-13 12:22
ORD0416,Dragon Roll,1,invalid_date_99
ORD0417,Agedashi Tofu,1,2024-03-30 13:36
ORD0418,Tempura Udon,2,2024-03-09 10:05
ORD0418,Green Tea,2,2024-03-09 10:05
ORD0418,Tuna Sashimi,1,2024-03-09 10:05
ORD0419,  MISO SOUP  ,1,2024-03-07 11:05
ORD0419,  SAPPORO BEER  ,3,2024-03-07 11:05
ORD0420,Tempura Udon,1,2024-03-26 15:33
ORD0421,Dragon Roll,2,2024-03-14 19:05
ORD0422,Edamame,2,2024-03-03 15:09
ORD0423,Tempura Udon,1,2024-03-28 13:30
ORD0423,Dragon Roll,1,2024-03-28 13:30
ORD0424,Tempura Udon,2,2024-03-05 18:06
ORD0424,Spider Roll,1,2024-03-05 18:06
ORD0425,Agedashi Tofu,2,2024-03-13 21:55
ORD0426,Sake Bottle,3,2024-03-11 17:45
ORD0426,Dragon Roll,2,2024-03-11 17:45
ORD0427,Tempura Udon,1,2024-03-06 10:37
ORD0427,Green Tea,1,2024-03-06 10:37
ORD0428,Tempura Udon,3,2024-03-23 21:03
ORD0428,Green Tea,3,2024-03-23 21:03
ORD0428,Spider Roll,1,2024-03-23 21:03
ORD0429,Green Tea,3,2024-03-06 23:45
ORD0430,Agedashi Tofu,1,2024-03-17 20:44
ORD0430,Spider Roll,2,2024-03-17 20:44
ORD0430,Sapporo Beer,1,2024-03-17 20:44
ORD0431,Sake Bottle,3,2024-03-08 10:23
ORD0431,  DRAGON ROLL  ,3,2024-03-08 10:23
ORD0431,Green Tea,2,2024-03-08 10:23
ORD0432,Tempura Udon,3,invalid_date_99
ORD0432,,3,2024-03-03 18:54
ORD0433,Matcha Cake,2,2024-03-25 16:57
ORD0433,Spider Roll,2,2024-03-25 16:57
ORD0434,Green Tea,3,2024-03-02 17:35
ORD0434,Dragon Roll,2,2024-03-02 17:35
ORD0435,Green Tea,3,2024-03-09 12:07
ORD0436,Tempura Udon,1,2024-03-30 14:45
ORD0437,Miso Soup,2,2024-03-14 11:06
ORD0437,Green Tea,1,2024-03-14 11:06
ORD0438,Salmon Nigiri,3,invalid_date_99
ORD0438,Edamame,-10,2024-03-09 12:59
ORD0439,Tempura Udon,1,2024-03-24 19:57
ORD0440,Tempura Udon,1,2024-03-08 22:09
ORD0440,Salmon Nigiri,2,2024-03-08 22:09
ORD0441,Tempura Udon,2,2024-03-15 15:45
ORD0441,Spider Roll,3,2024-03-15 15:45
ORD0442,Green Tea,1,2024-03-09 20:31
ORD0443,Tuna Sashimi,1,2024-03-26 12:12
ORD0443,Miso Soup,3,2024-03-26 12:12
ORD0444,Green Tea,2,invalid_date_99
ORD0444,Miso Soup,-10,2024-03-23 19:16
ORD0445,Spider Roll,3,2024-03-17 16:09
ORD0445,Sapporo Beer,1,2024-03-17 16:09
ORD0445,California Roll,3,2024-03-17 16:09
ORD0446,Miso Soup,3,2024-03-03 11:41
ORD0446,Spider Roll,1,2024-03-03 11:41
ORD0447,  DRAGON ROLL  ,2,2024-03-01 17:28
ORD0447,Spider Roll,2,2024-03-01 17:28
ORD0447,Tuna Nigiri,1,2024-03-01 17:28
ORD0448,Tempura Udon,1,2024-03-26 15:23
ORD0448,  SPIDER ROLL  ,1,2024-03-26 15:23
ORD0448,California Roll,3,2024-03-26 15:23
ORD0449,Ramune Soda,3,2024-03-12 10:32
ORD0449,Matcha Cake,1,2024-03-12 10:32
ORD0449,Spider Roll,3,2024-03-12 10:32
ORD0450,Dragon Roll,1,2024-03-11 22:59
ORD0450,Tuna Nigiri,2,2024-03-11 22:59
ORD0451,Green Tea,3,2024-03-27 20:46
ORD0451,Spider Roll,3,2024-03-27 20:46
ORD0452,Sapporo Beer,1,2024-03-29 08:22
ORD0453,Ramune Soda,3,2024-03-25 11:03
ORD0453,Green Tea,3,2024-03-25 11:03
ORD0453,Tempura Udon,2,2024-03-25 11:03
ORD0454,Dragon Roll,1,2024-03-18 16:03
ORD0454,  SPIDER ROLL  ,2,2024-03-18 16:03
ORD0454,California Roll,3,2024-03-18 16:03
ORD0455,Green Tea,1,2024-03-07 11:01
ORD0456,Miso Soup,1,2024-03-03 21:58
ORD0456,  DRAGON ROLL  ,1,2024-03-03 21:58
ORD0456,Sapporo Beer,2,2024-03-03 21:58
ORD0457,Tempura Udon,2,2024-03-13 22:14
ORD0457,Dragon Roll,3,2024-03-13 22:14
ORD0458,Miso Soup,1,2024-03-04 18:43
ORD0458,Agedashi Tofu,2,2024-03-04 18:43
ORD0459,Salmon Nigiri,3,2024-03-10 17:49
ORD0460,Dragon Roll,3,2024-03-01 16:32
ORD0460,Spider Roll,2,2024-03-01 16:32
ORD0461,Tempura Udon,3,2024-03-13 08:31
ORD0461,Dragon Roll,1,2024-03-13 08:31
ORD0462,Spider Roll,1,2024-03-26 14:38
ORD0462,Tuna Nigiri,2,2024-03-26 14:38
ORD0463,Tempura Udon,2,2024-03-27 14:00
ORD0463,Spider Roll,2,2024-03-27 14:00
ORD0463,Tuna Nigiri,1,2024-03-27 14:00
ORD0464,Tempura Udon,3,2024-03-05 15:15
ORD0464,Green Tea,2,2024-03-05 15:15
ORD0465,  SPIDER ROLL  ,1,2024-03-18 11:42
ORD0466,Green Tea,1,2024-03-03 12:53
ORD0467,Sake Bottle,2,2024-03-21 16:35
ORD0467,Dragon Roll,3,2024-03-21 16:35
ORD0467,Matcha Cake,2,2024-03-21 16:35
ORD0468,Gyoza,1,2024-03-10 13:56
ORD0468,Spider Roll,1,2024-03-10 13:56
ORD0469,Green Tea,2,2024-03-03 15:51
ORD0469,Matcha Cake,2,2024-03-03 15:51
ORD0470,,2,2024-03-17 20:14
ORD0470,Deleted Item #404,2,2024-03-17 20:14
ORD0471,Sake Bottle,1,2024-03-30 17:06
ORD0472,  TEMPURA UDON  ,3,2024-03-27 09:45
ORD0473,Green Tea,1,2024-03-06 11:22
ORD0473,Edamame,2,2024-03-06 11:22
ORD0474,Spider Roll,2,2024-03-10 22:59
ORD0475,Miso Soup,2,2024-03-01 14:12
ORD0475,Dragon Roll,2,2024-03-01 14:12
ORD0475,Tuna Nigiri,3,2024-03-01 14:12
ORD0476,Tempura Udon,3,2024-03-20 13:51
ORD0477,Tempura Udon,3,2024-03-27 17:55
ORD0477,Green Tea,2,2024-03-27 17:55
ORD0478,Dragon Roll,1,2024-03-19 13:51
ORD0479,  SAKE BOTTLE  ,1,2024-03-01 22:01
ORD0480,Tempura Udon,2,2024-03-07 13:01
ORD0480,Green Tea,3,2024-03-07 13:01
ORD0481,Miso Soup,1,2024-03-19 14:23
ORD0481,Spider Roll,1,2024-03-19 14:23
ORD0482,Miso Soup,1,2024-03-26 16:31
ORD0482,Agedashi Tofu,3,2024-03-26 16:31
ORD0482,Spicy Tuna Roll,2,2024-03-26 16:31
ORD0483,Green Tea,3,2024-03-07 20:53
ORD0483,Salmon Nigiri,2,2024-03-07 20:53
ORD0484,Ramune Soda,3,2024-03-25 19:36
ORD0484,Miso Soup,2,2024-03-25 19:36
ORD0485,Salmon Nigiri,3,2024-03-04 18:27
ORD0486,Green Tea,2,2024-03-23 23:33
ORD0486,Agedashi Tofu,1,2024-03-23 23:33
ORD0487,Dragon Roll,3,2024-03-12 18:50
ORD0488,  TEMPURA UDON  ,1,2024-03-27 08:14
ORD0488,Ramune Soda,2,2024-03-27 08:14
ORD0489,Sapporo Beer,1,2024-03-17 08:07
ORD0490,Ramune Soda,2,2024-03-07 11:43
ORD0490,Miso Soup,2,2024-03-07 11:43
ORD0490,Spider Roll,1,2024-03-07 11:43
ORD0491,Tuna Sashimi,2,2024-03-07 14:54
ORD0491,Miso Soup,1,2024-03-07 14:54
ORD0491,  SPIDER ROLL  ,2,2024-03-07 14:54
ORD0492,Tempura Udon,2,2024-03-21 08:06
ORD0493,Tempura Udon,1,2024-03-10 23:16
ORD0493,Dragon Roll,1,2024-03-10 23:16
ORD0494,Miso Soup,3,2024-03-12 10:56
ORD0495,Spider Roll,1,2024-03-26 13:21
ORD0496,  TEMPURA UDON  ,1,2024-03-16 23:35
ORD0496,Tuna Nigiri,2,2024-03-16 23:35
ORD0497,  MISO SOUP  ,1,2024-03-18 16:44
ORD0498,Tempura Udon,2,2024-03-14 17:36
ORD0498,Green Tea,3,2024-03-14 17:36
ORD0498,California Roll,2,2024-03-14 17:36
ORD0499,Tuna Sashimi,1,2024-03-14 11:27
ORD0499,Tempura Udon,1,2024-03-14 11:27
ORD0500,  MISO SOUP  ,2,2024-03-04 23:32
ORD0500,Agedashi Tofu,2,2024-03-04 23:32
ORD0501,Matcha Cake,2,2024-03-29 13:22
ORD0501,Spider Roll,2,2024-03-29 13:22
ORD0502,Tempura Udon,3,2024-03-10 19:57
ORD0502,Spider Roll,1,2024-03-10 19:57
ORD0503,Sake Bottle,1,2024-03-09 19:37
ORD0503,Miso Soup,2,2024-03-09 19:37
ORD0503,Sapporo Beer,1,2024-03-09 19:37
ORD0504,Tuna Sashimi,3,2024-03-15 13:43
ORD0504,Tempura Udon,2,2024-03-15 13:43
ORD0505,Dragon Roll,2,2024-03-24 21:28
ORD0506,Miso Soup,1,2024-03-12 18:14
ORD0507,Spider Roll,2,2024-03-22 13:45
ORD0508,Dragon Roll,1,2024-03-11 09:30
ORD0509,Agedashi Tofu,1,2024-03-02 10:05
ORD0509,Dragon Roll,2,2024-03-02 10:05
ORD0510,Matcha Cake,1,2024-03-25 17:49
ORD0511,Miso Soup,2,2024-03-15 14:43
ORD0511,Matcha Cake,1,2024-03-15 14:43
ORD0512,Green Tea,2,2024-03-26 11:01
ORD0512,Edamame,1,2024-03-26 11:01
ORD0513,Dragon Roll,2,2024-03-10 10:47
ORD0513,Spider Roll,2,2024-03-10 10:47
ORD0513,California Roll,1,2024-03-10 10:47
ORD0514,Tempura Udon,1,2024-03-11 19:06
ORD0514,Gyoza,2,2024-03-11 19:06
ORD0514,Spider Roll,1,2024-03-11 19:06
ORD0515,Miso Soup,3,2024-03-11 10:04
ORD0516,Miso Soup,3,2024-03-08 09:30
ORD0517,Dragon Roll,3,2024-03-13 18:33
ORD0518,Miso Soup,3,2024-03-06 22:28
ORD0518,Agedashi Tofu,3,2024-03-06 22:28
ORD0519,Sapporo Beer,3,2024-03-09 09:56
ORD0520,Tempura Udon,3,2024-03-14 17:13
ORD0520,  AGEDASHI TOFU  ,2,2024-03-14 17:13
ORD0521,Tempura Udon,-10,2024-03-20 15:56
ORD0521,  MISO SOUP  ,1,invalid_date_99
ORD0521,Deleted Item #404,1,2024-03-20 15:56
ORD0522,Tempura Udon,2,2024-03-01 09:31
ORD0522,Spider Roll,3,2024-03-01 09:31
ORD0523,Tempura Udon,1,2024-03-12 21:30
ORD0523,Sake Bottle,3,2024-03-12 21:30
ORD0523,Salmon Nigiri,3,2024-03-12 21:30
ORD0524,Spider Roll,3,2024-03-29 15:47
ORD0524,California Roll,1,2024-03-29 15:47
ORD0525,Green Tea,1,2024-03-05 13:18
ORD0525,Salmon Nigiri,1,2024-03-05 13:18
ORD0525,Dragon Roll,3,2024-03-05 13:18
ORD0526,,1,2024-03-01 13:50
ORD0527,  TEMPURA UDON  ,3,2024-03-02 19:09
ORD0527,Agedashi Tofu,2,2024-03-02 19:09
ORD0528,Tuna Sashimi,1,2024-03-20 21:53
ORD0528,Miso Soup,3,2024-03-20 21:53
ORD0528,Salmon Nigiri,2,2024-03-20 21:53
ORD0529,Dragon Roll,2,2024-03-05 09:45
ORD0530,  GREEN TEA  ,1,2024-03-23 10:32
ORD0531,Dragon Roll,2,2024-03-10 17:58
ORD0532,Dragon Roll,2,2024-03-23 16:34
ORD0533,Spider Roll,1,2024-03-01 23:29
ORD0534,Green Tea,2,2024-03-03 19:38
ORD0534,Miso Soup,2,2024-03-03 19:38
ORD0534,Sapporo Beer,1,2024-03-03 19:38
ORD0535,Matcha Cake,1,2024-03-06 16:07
ORD0536,  MISO SOUP  ,1,2024-03-23 14:45
ORD0536,Edamame,1,2024-03-23 14:45
ORD0536,Dragon Roll,2,2024-03-23 14:45
ORD0537,Agedashi Tofu,3,2024-03-08 09:21
ORD0537,Sapporo Beer,1,2024-03-08 09:21
ORD0537,Green Tea,3,2024-03-08 09:21
ORD0538,Dragon Roll,3,2024-03-09 17:05
ORD0538,Spider Roll,3,2024-03-09 17:05
ORD0538,Sapporo Beer,2,2024-03-09 17:05
ORD0539,Green Tea,2,2024-03-07 14:34
ORD0539,Dragon Roll,3,2024-03-07 14:34
ORD0540,Dragon Roll,2,2024-03-04 08:39
ORD0540,Spider Roll,3,2024-03-04 08:39
ORD0541,,2,2024-03-01 21:32
ORD0542,Deleted Item #404,1,2024-03-09 17:24
ORD0543,Spider Roll,3,2024-03-25 10:14
ORD0543,Ebi Tempura,1,2024-03-25 10:14
ORD0544,Miso Soup,2,2024-03-20 15:06
ORD0545,Green Tea,2,2024-03-07 10:55
ORD0545,Miso Soup,3,2024-03-07 10:55
ORD0546,Salmon Nigiri,1,2024-03-18 10:24
ORD0547,  TEMPURA UDON  ,2,invalid_date_99
ORD0547,Deleted Item #404,2,2024-03-10 23:20
ORD0547,Tuna Nigiri,2,invalid_date_99
ORD0548,Green Tea,3,2024-03-27 23:29
ORD0548,Sake Bottle,1,2024-03-27 23:29
ORD0549,Matcha Cake,1,2024-03-09 13:18
ORD0550,  GREEN TEA  ,2,2024-03-08 16:36
ORD0550,Edamame,2,2024-03-08 16:36
ORD0551,Tempura Udon,2,2024-03-06 18:46
ORD0551,Green Tea,1,2024-03-06 18:46
ORD0551,Salmon Nigiri,1,2024-03-06 18:46
ORD0552,Tempura Udon,2,2024-03-23 22:27
ORD0552,Miso Soup,2,2024-03-23 22:27
ORD0552,Dragon Roll,2,2024-03-23 22:27
ORD0553,Tempura Udon,1,2024-03-11 18:11
ORD0554,Tempura Udon,2,2024-03-02 18:31
ORD0554,Green Tea,1,2024-03-02 18:31
ORD0554,Matcha Cake,3,2024-03-02 18:31
ORD0555,Edamame,2,2024-03-10 10:06
ORD0555,Dragon Roll,3,2024-03-10 10:06
ORD0556,Edamame,2,2024-03-13 15:31
ORD0557,Tempura Udon,3,2024-03-28 21:02
ORD0557,Green Tea,3,2024-03-28 21:02
ORD0558,Sake Bottle,2,2024-03-23 13:03
ORD0558,Spider Roll,1,2024-03-23 13:03
ORD0559,Dragon Roll,2,2024-03-09 09:31
ORD0559,Spider Roll,2,2024-03-09 09:31
ORD0560,Green Tea,3,2024-03-28 22:51
ORD0560,Agedashi Tofu,2,2024-03-28 22:51
ORD0561,Sapporo Beer,1,2024-03-04 08:05
ORD0562,Green Tea,2,2024-03-27 23:31
ORD0562,Salmon Nigiri,3,2024-03-27 23:31
ORD0563,,3,2024-03-05 22:38
ORD0564,Tuna Sashimi,2,2024-03-08 18:52
ORD0564,Miso Soup,2,2024-03-08 18:52
ORD0564,Dragon Roll,2,2024-03-08 18:52
ORD0565,Tempura Udon,3,2024-03-26 22:23
ORD0566,Tempura Udon,1,2024-03-28 21:57
ORD0566,Spider Roll,3,2024-03-28 21:57
ORD0567,Green Tea,2,2024-03-02 11:17
ORD0567,Spicy Tuna Roll,3,2024-03-02 11:17
ORD0568,Tempura Udon,2,2024-03-03 20:35
ORD0568,Tuna Nigiri,3,2024-03-03 20:35
ORD0569,Tempura Udon,3,2024-03-08 13:43
ORD0569,Dragon Roll,1,2024-03-08 13:43
ORD0570,Agedashi Tofu,3,2024-03-30 19:17
ORD0570,Dragon Roll,2,2024-03-30 19:17
ORD0571,Ramune Soda,2,2024-03-08 19:23
ORD0571,Dragon Roll,1,2024-03-08 19:23
ORD0571,Salmon Nigiri,1,2024-03-08 19:23
ORD0572,  TUNA SASHIMI  ,3,2024-03-02 18:06
ORD0573,Tempura Udon,3,2024-03-01 15:44
ORD0574,Spider Roll,3,2024-03-08 23:35
ORD0575,  TUNA SASHIMI  ,2,2024-03-30 14:33
ORD0575,Dragon Roll,3,2024-03-30 14:33
ORD0575,Tempura Udon,2,2024-03-30 14:33
ORD0576,Miso Soup,1,2024-03-05 17:47
ORD0576,Spider Roll,2,2024-03-05 17:47
ORD0576,Sapporo Beer,2,2024-03-05 17:47
ORD0577,Green Tea,2,2024-03-26 15:37
ORD0577,Spider Roll,3,2024-03-26 15:37
ORD0578,Salmon Nigiri,3,2024-03-30 20:42
ORD0578,Spider Roll,3,2024-03-30 20:42
ORD0578,Sapporo Beer,3,2024-03-30 20:42
ORD0579,Green Tea,1,2024-03-12 08:36
ORD0580,Tuna Sashimi,3,2024-03-09 15:23
ORD0580,California Roll,1,2024-03-09 15:23
ORD0581,Miso Soup,3,2024-03-14 22:42
ORD0581,Dragon Roll,2,2024-03-14 22:42
ORD0581,Spider Roll,2,2024-03-14 22:42
ORD0582,Tempura Udon,3,2024-03-27 23:00
ORD0583,Miso Soup,2,2024-03-03 09:50
ORD0583,Spider Roll,2,2024-03-03 09:50
ORD0584,Green Tea,2,2024-03-29 22:55
ORD0584,Dragon Roll,2,2024-03-29 22:55
ORD0585,Miso Soup,1,2024-03-13 09:33
ORD0585,Spider Roll,3,2024-03-13 09:33
ORD0585,Green Tea,1,2024-03-13 09:33
ORD0586,  AGEDASHI TOFU  ,2,2024-03-23 23:10
ORD0586,Spider Roll,1,2024-03-23 23:10
ORD0586,California Roll,2,2024-03-23 23:10
ORD0587,Miso Soup,2,2024-03-02 17:32
ORD0587,Edamame,3,2024-03-02 17:32
ORD0588,Tempura Udon,1,2024-03-23 11:08
ORD0588,Spider Roll,2,2024-03-23 11:08
ORD0589,Dragon Roll,2,2024-03-23 11:42
ORD0589,Spider Roll,2,2024-03-23 11:42
ORD0590,Tempura Udon,1,2024-03-28 17:00
ORD0590,Edamame,1,2024-03-28 17:00
ORD0590,  SPIDER ROLL  ,1,2024-03-28 17:00
ORD0591,Green Tea,2,2024-03-27 13:37
ORD0591,Dragon Roll,3,2024-03-27 13:37
ORD0591,Spider Roll,3,2024-03-27 13:37
ORD0592,  TEMPURA UDON  ,2,2024-03-15 12:34
ORD0592,Green Tea,1,2024-03-15 12:34
ORD0593,Ramune Soda,2,2024-03-02 21:13
ORD0593,Tuna Nigiri,2,2024-03-02 21:13
ORD0594,Tempura Udon,3,2024-03-18 15:34
ORD0594,Dragon Roll,1,2024-03-18 15:34
ORD0595,Miso Soup,2,2024-03-30 18:16
ORD0595,  TUNA NIGIRI  ,3,2024-03-30 18:16
ORD0596,Tempura Udon,1,2024-03-10 15:31
ORD0596,Ramune Soda,1,2024-03-10 15:31
ORD0597,  SAKE BOTTLE  ,2,2024-03-05 20:30
ORD0598,Green Tea,2,2024-03-27 11:22
ORD0599,Matcha Cake,3,2024-03-10 08:12
ORD0599,Tuna Nigiri,1,2024-03-10 08:12
ORD0600,  EDAMAME  ,2,2024-03-11 11:59
ORD0600,Spider Roll,1,2024-03-11 11:59
ORD0601,Ramune Soda,1,2024-03-19 16:56
ORD0601,Tuna Nigiri,1,2024-03-19 16:56
ORD0601,Tempura Udon,3,2024-03-19 16:56
ORD0602,Dragon Roll,2,2024-03-11 10:56
ORD0603,Green Tea,3,2024-03-16 21:57
ORD0603,Dragon Roll,3,2024-03-16 21:57
ORD0604,Matcha Cake,2,2024-03-02 11:35
ORD0604,Spider Roll,3,2024-03-02 11:35
ORD0605,Spider Roll,3,2024-03-18 17:41
ORD0606,Spider Roll,3,2024-03-15 23:39
ORD0607,  TEMPURA UDON  ,2,2024-03-24 11:22
ORD0607,Miso Soup,3,2024-03-24 11:22
ORD0608,Tempura Udon,3,2024-03-01 17:12
ORD0608,Green Tea,1,2024-03-01 17:12
ORD0608,Miso Soup,3,2024-03-01 17:12
ORD0609,Miso Soup,2,2024-03-20 08:53
ORD0609,Matcha Cake,2,2024-03-20 08:53
ORD0610,Tempura Udon,3,2024-03-18 13:14
ORD0611,Tuna Sashimi,2,2024-03-22 18:56
ORD0611,Spicy Tuna Roll,2,2024-03-22 18:56
ORD0612,Miso Soup,1,2024-03-11 23:33
ORD0612,Green Tea,3,2024-03-11 23:33
ORD0613,Spider Roll,2,2024-03-20 23:24
ORD0614,  TEMPURA UDON  ,1,2024-03-03 18:37
ORD0614,Green Tea,1,2024-03-03 18:37
ORD0614,  DRAGON ROLL  ,1,2024-03-03 18:37
ORD0615,Salmon Nigiri,2,2024-03-02 08:14
ORD0615,Sapporo Beer,2,2024-03-02 08:14
ORD0616,Tempura Udon,1,2024-03-14 20:41
ORD0616,Dragon Roll,3,2024-03-14 20:41
ORD0617,Miso Soup,3,2024-03-15 21:35
ORD0617,  SPIDER ROLL  ,2,2024-03-15 21:35
ORD0617,California Roll,1,2024-03-15 21:35
ORD0618,Dragon Roll,2,2024-03-21 21:32
ORD0619,Deleted Item #404,2,2024-03-07 08:56
ORD0619,Dragon Roll,3,invalid_date_99
ORD0620,Tempura Udon,3,2024-03-16 22:08
ORD0620,Green Tea,2,2024-03-16 22:08
ORD0621,Ramune Soda,3,2024-03-09 14:49
ORD0622,Tuna Nigiri,3,2024-03-11 10:11
ORD0623,Miso Soup,2,2024-03-08 20:19
ORD0623,Sapporo Beer,1,2024-03-08 20:19
ORD0623,Green Tea,1,2024-03-08 20:19
ORD0624,Green Tea,3,2024-03-27 22:14
ORD0624,California Roll,2,2024-03-27 22:14
ORD0625,Tempura Udon,1,2024-03-15 08:23
ORD0625,Green Tea,2,2024-03-15 08:23
ORD0625,Spider Roll,3,2024-03-15 08:23
ORD0626,Tempura Udon,3,2024-03-02 12:25
ORD0626,  GREEN TEA  ,1,2024-03-02 12:25
ORD0626,Salmon Sashimi,1,2024-03-02 12:25
ORD0627,Sake Bottle,2,2024-03-14 23:45
ORD0627,Dragon Roll,1,2024-03-14 23:45
ORD0628,Green Tea,3,invalid_date_99
ORD0628,,3,2024-03-14 19:17
ORD0629,Ramune Soda,2,2024-03-08 19:19
ORD0629,Dragon Roll,1,2024-03-08 19:19
ORD0629,Sapporo Beer,1,2024-03-08 19:19
ORD0630,Dragon Roll,3,2024-03-28 23:38
ORD0630,Sapporo Beer,2,2024-03-28 23:38
ORD0630,California Roll,3,2024-03-28 23:38
ORD0631,Dragon Roll,1,2024-03-25 14:44
ORD0631,Spider Roll,2,2024-03-25 14:44
ORD0632,Spider Roll,1,2024-03-19 13:23
ORD0633,Spider Roll,1,2024-03-13 08:54
ORD0634,Miso Soup,3,2024-03-10 13:37
ORD0634,Green Tea,2,2024-03-10 13:37
ORD0635,Dragon Roll,2,2024-03-23 12:54
ORD0635,Spider Roll,3,2024-03-23 12:54
ORD0636,Dragon Roll,3,2024-03-07 22:23
ORD0637,Agedashi Tofu,1,2024-03-26 23:24
ORD0637,Spider Roll,3,2024-03-26 23:24
ORD0638,Green Tea,1,2024-03-14 22:21
ORD0638,Spider Roll,2,2024-03-14 22:21
ORD0639,Dragon Roll,1,invalid_date_99
ORD0640,Tempura Udon,2,2024-03-07 19:03
ORD0640,Green Tea,2,2024-03-07 19:03
ORD0641,Dragon Roll,2,2024-03-03 16:37
ORD0642,,1,2024-03-02 21:06
ORD0643,Spider Roll,2,2024-03-15 17:04
ORD0644,  AGEDASHI TOFU  ,1,2024-03-08 14:03
ORD0645,  MISO SOUP  ,2,2024-03-02 08:33
ORD0645,Dragon Roll,2,2024-03-02 08:33
ORD0646,Agedashi Tofu,1,2024-03-28 08:53
ORD0646,  DRAGON ROLL  ,2,2024-03-28 08:53
ORD0647,Tempura Udon,3,2024-03-06 13:35
ORD0647,Tuna Nigiri,3,2024-03-06 13:35
ORD0648,  EDAMAME  ,3,2024-03-23 09:18
ORD0649,Green Tea,3,2024-03-05 15:36
ORD0650,Tempura Udon,2,2024-03-09 13:18
ORD0650,Spider Roll,3,2024-03-09 13:18
ORD0651,Agedashi Tofu,3,2024-03-28 18:50
ORD0652,Miso Soup,2,2024-03-09 13:05
ORD0652,Green Tea,1,2024-03-09 13:05
ORD0653,Green Tea,2,2024-03-20 23:06
ORD0653,Sapporo Beer,3,2024-03-20 23:06
ORD0654,Green Tea,2,2024-03-06 21:49
ORD0655,Miso Soup,3,2024-03-21 15:48
ORD0655,Sapporo Beer,1,2024-03-21 15:48
ORD0655,California Roll,3,2024-03-21 15:48
ORD0656,Green Tea,3,2024-03-12 11:08
ORD0656,Sake Bottle,3,2024-03-12 11:08
ORD0657,Sake Bottle,3,2024-03-16 10:39
ORD0657,Matcha Cake,2,2024-03-16 10:39
ORD0658,Salmon Nigiri,3,2024-03-30 14:11
ORD0659,Tempura Udon,2,2024-03-05 17:58
ORD0659,Miso Soup,1,2024-03-05 17:58
ORD0659,Agedashi Tofu,1,2024-03-05 17:58
ORD0660,Tempura Udon,2,2024-03-17 19:28
ORD0660,Miso Soup,2,2024-03-17 19:28
ORD0660,Spider Roll,3,2024-03-17 19:28
ORD0661,Tempura Udon,3,2024-03-24 18:39
ORD0661,Dragon Roll,1,2024-03-24 18:39
ORD0661,Salmon Nigiri,1,2024-03-24 18:39
ORD0662,Ramune Soda,2,2024-03-22 22:10
ORD0662,Edamame,2,2024-03-22 22:10
ORD0662,Spider Roll,2,2024-03-22 22:10
ORD0663,Miso Soup,3,2024-03-01 17:55
ORD0664,Tempura Udon,1,2024-03-26 13:54
ORD0664,  SPIDER ROLL  ,1,2024-03-26 13:54
ORD0665,Dragon Roll,2,2024-03-22 17:10
ORD0666,Dragon Roll,3,2024-03-08 20:20
ORD0667,Tempura Udon,1,2024-03-25 21:35
ORD0668,Yellowtail Roll,1,2024-03-26 11:17
ORD0669,Tempura Udon,3,2024-03-26 13:15
ORD0669,Green Tea,2,2024-03-26 13:15
ORD0670,Miso Soup,2,2024-03-14 22:45
ORD0670,  AGEDASHI TOFU  ,1,2024-03-14 22:45
ORD0670,Yellowtail Roll,3,2024-03-14 22:45
ORD0671,Salmon Nigiri,2,2024-03-13 12:23
ORD0671,Dragon Roll,3,2024-03-13 12:23
ORD0672,Miso Soup,2,2024-03-22 22:38
ORD0672,Matcha Cake,3,2024-03-22 22:38
ORD0672,Spider Roll,2,2024-03-22 22:38
ORD0673,Green Tea,1,2024-03-23 09:40
ORD0673,Salmon Nigiri,3,2024-03-23 09:40
ORD0674,Miso Soup,3,2024-03-12 12:24
ORD0675,Green Tea,1,2024-03-29 18:40
ORD0676,Miso Soup,1,2024-03-21 11:30
ORD0676,Dragon Roll,1,2024-03-21 11:30
ORD0677,Deleted Item #404,3,2024-03-05 19:21
ORD0677,Dragon Roll,3,invalid_date_99
ORD0677,,1,2024-03-05 19:21
ORD0678,  EDAMAME  ,3,2024-03-08 17:25
ORD0678,California Roll,3,2024-03-08 17:25
ORD0679,  DRAGON ROLL  ,1,2024-03-29 16:42
ORD0680,Dragon Roll,3,2024-03-02 08:42
ORD0681,Agedashi Tofu,3,2024-03-17 08:02
ORD0681,Edamame,2,2024-03-17 08:02
ORD0681,Green Tea,3,2024-03-17 08:02
ORD0682,Dragon Roll,2,2024-03-15 18:39
ORD0683,Agedashi Tofu,3,2024-03-04 17:29
ORD0683,Dragon Roll,3,2024-03-04 17:29
ORD0684,Sake Bottle,3,2024-03-03 18:43
ORD0685,Ramune Soda,2,2024-03-12 14:13
ORD0685,Dragon Roll,1,2024-03-12 14:13
ORD0686,Dragon Roll,2,2024-03-01 11:27
ORD0686,Spider Roll,2,2024-03-01 11:27
ORD0687,Tempura Udon,1,2024-03-06 15:33
ORD0688,Salmon Nigiri,1,2024-03-18 13:30
ORD0688,Matcha Cake,3,2024-03-18 13:30
ORD0689,Edamame,3,2024-03-06 16:15
ORD0690,Tempura Udon,2,2024-03-14 13:11
ORD0690,Green Tea,1,2024-03-14 13:11
ORD0691,Tempura Udon,-10,2024-03-03 19:11
ORD0691,Spider Roll,-10,2024-03-03 19:11
ORD0692,Dragon Roll,2,2024-03-02 08:11
ORD0693,Tuna Sashimi,2,2024-03-13 17:30
ORD0693,Spider Roll,2,2024-03-13 17:30
ORD0693,Tempura Udon,3,2024-03-13 17:30
ORD0694,,1,2024-03-05 23:06
ORD0694,Salmon Nigiri,-10,2024-03-05 23:06
ORD0695,Spider Roll,1,2024-03-24 11:30
ORD0696,Spider Roll,2,2024-03-24 23:10
ORD0697,Green Tea,1,2024-03-19 21:12
ORD0697,Dragon Roll,1,2024-03-19 21:12
ORD0697,Spider Roll,3,2024-03-19 21:12
ORD0698,Miso Soup,2,2024-03-02 14:54
ORD0698,Sapporo Beer,2,2024-03-02 14:54
ORD0699,Spider Roll,3,2024-03-22 08:53
ORD0700,  GREEN TEA  ,1,2024-03-26 18:58
ORD0700,Dragon Roll,2,2024-03-26 18:58
